{"mic:firefox":1,"firefox":1,"dev:spk:null":0.7000427307591015,"dev:mic:null":0.9833867226383954,"app:spk:spotify":1}